<?xml version="1.0" encoding="utf-8"?>
<OffsetFinderTemplate xmlns:xsi="http://www.w3.org/2001/XMLSchema-instance" xmlns:xsd="http://www.w3.org/2001/XMLSchema">
  <Header>
    <FormatName>[Xbox 360] Headerless XMA (Stereo)</FormatName>
    <Author>Infernus Animositas</Author>
  </Header>
  <SearchParameters>
    <SearchString>FC01C001</SearchString>
    <TreatSearchStringAsHex>true</TreatSearchStringAsHex>
    <StartingOffset />
    <UseModOffsetForSearchString>false</UseModOffsetForSearchString>
    <SearchStringOffset>0x06</SearchStringOffset>
    <OutputFileExtension>.xma</OutputFileExtension>
    <MinimumSizeForCutting>0</MinimumSizeForCutting>
    <CutParameters>
      <CutStyle>terminator</CutStyle>
      <TerminatorString>FC01C001</TerminatorString>
      <TreatTerminatorStringAsHex>true</TreatTerminatorStringAsHex>
      <IncludeTerminatorInSize>false</IncludeTerminatorInSize>
    </CutParameters>
    <AddExtraBytes>true</AddExtraBytes>
    <AddExtraByteSize>-6</AddExtraByteSize>
  </SearchParameters>
  <NotesOrWarnings />
</OffsetFinderTemplate>