<?xml version="1.0" encoding="UTF-8"?><?xml-stylesheet type='text/xsl' href='_UpgradeReport_Files/UpgradeReport.xslt'?><UpgradeLog>
<Properties><Property Name="Solution" Value="ChangeNotifyWatcher">
</Property><Property Name="Solution File" Value="C:\Other\ChangeNotifyWatcher\ChangeNotifyWatcher.sln">
</Property><Property Name="Date" Value="Friday, March 22, 2013">
</Property><Property Name="Time" Value="20:56 PM">
</Property></Properties><Event ErrorLevel="0" Project="ChangeNotifyWatcher" Source="ChangeNotifyWatcher.vcproj" Description="Converting project file 'C:\Other\ChangeNotifyWatcher\ChangeNotifyWatcher.vcproj'.">
</Event><Event ErrorLevel="1" Project="ChangeNotifyWatcher" Source="ChangeNotifyWatcher.vcproj" Description="VCWebServiceProxyGeneratorTool is no longer supported. The tool has been removed from your project settings.">
</Event><Event ErrorLevel="0" Project="ChangeNotifyWatcher" Source="ChangeNotifyWatcher.vcproj" Description="Done converting to new project file 'C:\Other\ChangeNotifyWatcher\ChangeNotifyWatcher.vcxproj'.">
</Event><Event ErrorLevel="3" Project="ChangeNotifyWatcher" Source="ChangeNotifyWatcher.vcproj" Description="Converted">
</Event><Event ErrorLevel="0" Project="" Source="ChangeNotifyWatcher.sln" Description="Solution converted successfully">
</Event><Event ErrorLevel="3" Project="" Source="ChangeNotifyWatcher.sln" Description="Converted">
</Event></UpgradeLog>